customer_id,name,date_of_birth,gender,blood_type,phone,email,address,allergies,medical_conditions,emergency_contact_name,emergency_contact_phone,date_registered
customer_id,name,date_of_birth,gender,blood_type,phone,email,address,allergies,medical_conditions,emergency_contact_name,emergency_contact_phone,date_registered
customer_id,name,date_of_birth,gender,blood_type,phone,email,address,allergies,medical_conditions,emergency_contact_name,emergency_contact_phone,date_registered
customer_id,name,date_of_birth,gender,blood_type,phone,email,address,allergies,medical_conditions,emergency_contact_name,emergency_contact_phone,date_registered
customer_id,name,date_of_birth,gender,blood_type,phone,email,address,allergies,medical_conditions,emergency_contact_name,emergency_contact_phone,date_registered
customer_id,name,date_of_birth,gender,blood_type,phone,email,address,allergies,medical_conditions,emergency_contact_name,emergency_contact_phone,date_registered
customer_id,name,date_of_birth,gender,blood_type,phone,email,address,allergies,medical_conditions,emergency_contact_name,emergency_contact_phone,date_registered
