id,name,category,manufacturer,supplier,unit_price,stock_quantity,reorder_level,expiry_date,description,date_added
med-006,Acetaminophen 500mg,Pain Relief,Tylenol,MedSupply Inc,6.5,300,75,2025-10-25,Pain reliever and fever reducer,2025-09-27 17:47:34.872682
med-001,Amoxicillin 500mg,Antibiotics,Pfizer,MedSupply Inc,12.5,150,25,2025-08-15,Broad-spectrum antibiotic for bacterial infections,2025-09-27 17:47:34.872682
med-009,Aspirin 81mg,Pain Relief,Bayer,MedSupply Inc,5.99,100,20,2024-10-15,Low-dose aspirin for heart health,2025-09-27 17:49:41.086587
med-005,Cough Syrup 100ml,Cold & Flu,Robitussin,PharmaCorp,9.99,8,15,2024-12-15,Cough suppressant syrup,2025-09-27 17:47:34.872682
med-002,Ibuprofen 200mg,Pain Relief,Johnson & Johnson,PharmaCorp,8.75,200,50,2025-12-20,Anti-inflammatory pain reliever,2025-09-27 17:47:34.872682
med-003,Metformin 850mg,Prescription,Novartis,MedSupply Inc,15.25,80,20,2025-06-30,Type 2 diabetes medication,2025-09-27 17:47:34.872682
med-008,Multivitamin Daily,Vitamins,Centrum,HealthDistro,25.5,90,25,2026-01-20,Complete daily vitamin supplement,2025-09-27 17:47:34.872682
med-007,Omeprazole 20mg,Prescription,AstraZeneca,PharmaCorp,18.75,18,15,2025-07-18,Proton pump inhibitor for acid reflux,2025-09-27 17:47:34.872682
med-004,Vitamin D3 1000IU,Vitamins,Nature Made,HealthDistro,22.0,25,30,2026-03-10,Vitamin D supplement for bone health,2025-09-27 17:47:34.872682
