prescription_id,customer_id,customer_name,doctor_name,medicine_id,medicine_name,quantity,dosage,instructions,date_prescribed,status,total_cost,created_at
prescription_id,customer_id,customer_name,doctor_name,medicine_id,medicine_name,quantity,dosage,instructions,date_prescribed,status,total_cost,created_at
prescription_id,customer_id,customer_name,doctor_name,medicine_id,medicine_name,quantity,dosage,instructions,date_prescribed,status,total_cost,created_at
prescription_id,customer_id,customer_name,doctor_name,medicine_id,medicine_name,quantity,dosage,instructions,date_prescribed,status,total_cost,created_at
prescription_id,customer_id,customer_name,doctor_name,medicine_id,medicine_name,quantity,dosage,instructions,date_prescribed,status,total_cost,created_at
prescription_id,customer_id,customer_name,doctor_name,medicine_id,medicine_name,quantity,dosage,instructions,date_prescribed,status,total_cost,created_at
prescription_id,customer_id,customer_name,doctor_name,medicine_id,medicine_name,quantity,dosage,instructions,date_prescribed,status,total_cost,created_at
prescription_id,customer_id,customer_name,doctor_name,medicine_id,medicine_name,quantity,dosage,instructions,date_prescribed,status,total_cost,created_at
